 {
  "records": [
    
     {
      "GroceryName": "Beaten Rice",
      "Availability": "InStock",
      "location": "Grocery->First row from entrance->left side->first shelf"
     
    },
     {
      "GroceryName": "Idli Rice",
      "Availability": "InStock",
      "location": "Grocery->First row from entrance->left side-> third shelf"
     
    },
     {
      "GroceryName": "Raw Rice",
      "Availability": "InStock",
      "location": "Grocery->First row from entrance->left side-> second shelf"
     
    },
     {
      "GroceryName": "Basmati Rice",
      "Availability": "InStock",
      "location": "Grocery->Second row from entrance->left side-> third shelf"
     
    },
     {
      "GroceryName": "Toor Dal",
      "Availability": "InStock",
      "location": "Grocery->Fourth row from entrance->left side-> second shelf"
     
    },
     {
      "GroceryName": "Channa Dal",
      "Availability": "InStock",
      "location": "Grocery->Fourth row from entrance->right side-> second shelf"
     
    },
     {
      "GroceryName": "Kaala Channa",
      "Availability": "InStock",
      "location": "Grocery->Fourth row from entrance->right side-> third shelf"
     
    },
     {
      "GroceryName": "Mung Dal",
      "Availability": "InStock",
      "location": "Grocery->Fourth row from entrance->right side-> first shelf"
     
    },
     {
      "GroceryName": "Kidney Beans",
      "Availability": "InStock",
      "location": "Fourth row from entrance->right side-> third shelf"
     
    },
     {
      "GroceryName": "Urud Dal",
      "Availability": "InStock",
      "location": "Grocery->Fourth row from entrance->right side-> second shelf"
     
    },
     {
      "GroceryName": "Masoor Dal",
      "Availability": "InStock",
      "location": "Grocery->third row from entrance->right side-> second shelf"
     
    },
     {
      "GroceryName": "Wheat",
      "Availability": "InStock",
      "location": "Grocery->First row from entrance->right side-> second shelf"
     
    },
     {
      "GroceryName": "Corn",
      "Availability": "InStock",
      "location": "Vegetable->->right side-> second shelf"
     
    },
     {
      "GroceryName": "Soya Beans",
      "Availability": "InStock",
      "location": "Fourth row from entrance->right side-> third shelf"
     
    },
     {
      "GroceryName": "Ragi",
      "Availability": "InStock",
      "location": "Grocery->First row from entrance->right side-> first shelf"
     
    }
     
  ]
}

